{"cameraMode":{"drawMode":0,"name":"Shaded","section":"Shading Mode"},"sceneLighting":true,"audioPlay":false,"sceneViewState":{"m_AlwaysRefresh":false,"showFog":true,"showSkybox":true,"showFlares":true,"showImageEffects":true,"showParticleSystems":true,"showVisualEffectGraphs":true,"m_FxEnabled":true},"in2DMode":false,"pivot":{"x":213.58583068847657,"y":25.764223098754884,"z":329.6051940917969},"rotation":{"x":0.0059905024245381359,"y":0.5435642004013062,"z":0.003997206687927246,"w":-0.8394205570220947},"size":33.561256408691409,"orthographic":false}